{
    "time": 2.4339591549999993,
    "memory": 61.37890625,
    "best_rho": 1.8,
    "max_fid": 0.9926470588235294,
    "algo": "alpa"
}
