{
    "time": 3.1671167800000006,
    "memory": 84.765625,
    "best_rho": 0.6000000000000001,
    "max_fid": 0.9935483870967742,
    "algo": "alpa"
}
