{
    "time": 2.748011234999999,
    "memory": 70.4375,
    "best_rho": 1.6,
    "max_fid": 0.996031746031746,
    "algo": "alpa"
}
