{
    "time": 1.588398787,
    "memory": 53.54296875,
    "algo": "dnnre"
}
