{
    "time": 6.453873899,
    "memory": 81.5859375,
    "algo": "dnnre"
}
