{
    "time": 54.171875,
    "memory": 314.0859375,
    "best_rho": 0.01,
    "max_fid": 0.9821369636963696,
    "algo": "alpa"
}
