{
    "time": 2.2444201240000003,
    "memory": 56.55859375,
    "best_rho": 1.6,
    "max_fid": 1.0,
    "algo": "alpa"
}
