{
    "time": 3.008521278000001,
    "memory": 58.11328125,
    "algo": "dnnre"
}
