{
    "time": 3549.113124794,
    "memory": 4341.72265625,
    "best_rho": 0.005,
    "max_fid": 0.9496192506853488,
    "algo": "alpa"
}
