{
    "time": 133.578125,
    "memory": 534.62109375,
    "best_rho": 0.01,
    "max_fid": 0.9907590759075907,
    "algo": "alpa"
}
