{
    "time": 2.2015967869999997,
    "memory": 53.76953125,
    "best_rho": 0.8,
    "max_fid": 0.9942857142857143,
    "algo": "alpa"
}
