{
    "time": 4.095670333999999,
    "memory": 66.63671875,
    "algo": "dnnre"
}
