{
    "time": 3544.4515887179996,
    "memory": 4331.94140625,
    "best_rho": 0.005,
    "max_fid": 0.9492740379733983,
    "algo": "alpa"
}
