{
    "time": 1.2278077950000004,
    "memory": 49.1171875,
    "algo": "dnnre"
}
