{
    "time": 60.15625,
    "memory": 260.78515625,
    "best_rho": 0.03,
    "max_fid": 0.995873786407767,
    "algo": "alpa"
}
