{
    "time": 3.0326157229999993,
    "memory": 81.46484375,
    "best_rho": 0.7000000000000001,
    "max_fid": 1.0,
    "algo": "alpa"
}
