{
    "time": 2.535758104000001,
    "memory": 65.65625,
    "best_rho": 2.3000000000000003,
    "max_fid": 0.990625,
    "algo": "alpa"
}
