{
    "time": 7.566861155000001,
    "memory": 87.54296875,
    "algo": "dnnre"
}
