{
    "time": 3.712294012,
    "memory": 70.36328125,
    "algo": "dnnre"
}
