{
    "time": 2.9289931529999995,
    "memory": 77.5625,
    "best_rho": 1.9000000000000001,
    "max_fid": 0.99644128113879,
    "algo": "alpa"
}
