{
    "time": 11.494810234,
    "memory": 107.3203125,
    "algo": "dnnre"
}
