{
    "time": 2.110150751,
    "memory": 49.59375,
    "best_rho": 2.1,
    "max_fid": 0.9933554817275747,
    "algo": "alpa"
}
