{
    "time": 9.328125,
    "memory": 149.89453125,
    "best_rho": 1.0,
    "max_fid": 0.9949748743718593,
    "algo": "alpa"
}
