{
    "time": 2.40625,
    "memory": 85.4453125,
    "algo": "dnnre"
}
