{
    "time": 2.833886124,
    "memory": 73.0703125,
    "best_rho": 1.4000000000000001,
    "max_fid": 0.9957081545064378,
    "algo": "alpa"
}
