{
    "time": 10.435197437000003,
    "memory": 97.95703125,
    "algo": "dnnre"
}
